task_id,task_index,prompt,kind,pos,pending,draft,accepted_batch,accepted_draft,bonus,next_model_id,tier,rule_chain,rule_conf,rule_support,ctx_tail_ids,ctx_tail_text,draft_ids,draft_text,model_draft_ids,model_draft_text,next_model_text,mismatch_at,why,rule_strikes,draft_mistakes,passes_saved_est,pattern_s,decode_s,verify_s
HumanEval/0,1,,spec_eval,9,1,1,1,0,6901,6901,syntax_range_paren,syntax_range_paren,1.000,999,2487 1172 624 262 5109 10614 741 262 369 600 304 2088, body only.\n    numbers.sort()\n    for i in range,7,(,6901,(len,(len,0,draft_token_mismatch,1,0,0,0.00011619999713730067,0.027817100002721418,0.00012229999992996454
HumanEval/0,1,,spec_eval,10,1,1,1,0,47207,47207,strong_ctx5,strong_ctx5,1.000,1,1172 624 262 5109 10614 741 262 369 600 304 2088 6901, only.\n    numbers.sort()\n    for i in range(len,63779,(Graph,47207,(numbers,(numbers,0,draft_token_mismatch,2,0,0,9.109999518841505e-05,0.02531730000191601,0.00012720000086119398
HumanEval/0,1,,spec_eval,13,1,1,1,0,220,220,syntax_minus_one,syntax_minus_one,0.930,999,5109 10614 741 262 369 600 304 2088 6901 47207 8 481, numbers.sort()\n    for i in range(len(numbers) -,16,1,220, , ,0,draft_token_mismatch,3,0,0,0.00022480000188807026,0.02789399999892339,0.0001847000021371059
HumanEval/0,1,,spec_eval,25,1,1,1,0,5109,5109,syntax_minus_one,syntax_minus_one,0.930,999,220 16 982 286 421 5109 989 488 220 16 60 481, 1):\n        if numbers[i + 1] -,16,1,5109, numbers, numbers,0,draft_token_mismatch,4,0,0,0.00011749999976018444,0.028086199999961536,0.00013789999502478167
HumanEval/1,2,,spec_eval,27,1,1,1,0,369,369,strong_ctx5,strong_ctx5,1.000,1,2730 284 8389 262 1787 620 9151 284 220 15 198 262," temp = """"\n    open_paren = 0\n   ",10619, priority,369, for, for,0,draft_token_mismatch,1,0,0,9.40000027185306e-05,0.026971600003889762,0.00013449999823933467
HumanEval/1,2,,spec_eval,29,1,2,2,1,37940,37940,syntax_for_in,syntax_for_in|syntax_for_range,0.990|0.970,999|999,8389 262 1787 620 9151 284 220 15 198 262 369 1161," """"\n    open_paren = 0\n    for char",304 2088, in range,304 37940, in paren, paren,1,draft_token_mismatch,2,0,1,0.00017769999976735562,0.030835699995805044,0.00018700000509852543
